{"cameraMode":{"drawMode":0,"name":"Shaded","section":"Shading Mode"},"sceneLighting":true,"audioPlay":false,"sceneViewState":{"m_AlwaysRefresh":false,"showFog":true,"showSkybox":true,"showFlares":true,"showImageEffects":true,"showParticleSystems":true,"showVisualEffectGraphs":true,"m_FxEnabled":true},"in2DMode":false,"pivot":{"x":-38.50236129760742,"y":-22.608314514160158,"z":38.30155563354492},"rotation":{"x":-0.3058130741119385,"y":-0.010855508036911488,"z":0.0034869948867708446,"w":-0.9520376324653626},"size":59.56170654296875,"orthographic":false}