{"cameraMode":{"drawMode":0,"name":"Shaded","section":"Shading Mode"},"sceneLighting":true,"audioPlay":false,"sceneViewState":{"m_AlwaysRefresh":false,"showFog":true,"showSkybox":true,"showFlares":true,"showImageEffects":true,"showParticleSystems":true,"showVisualEffectGraphs":true,"m_FxEnabled":true},"in2DMode":false,"pivot":{"x":-61.08134460449219,"y":4.337982177734375,"z":-1.588968276977539},"rotation":{"x":-0.24092817306518556,"y":-0.0037776727695018055,"z":0.001000688993372023,"w":-0.9705889225006104},"size":10.59888744354248,"orthographic":false}