{"cameraMode":{"drawMode":0,"name":"Shaded","section":"Shading Mode"},"sceneLighting":true,"audioPlay":false,"sceneViewState":{"m_AlwaysRefresh":false,"showFog":true,"showSkybox":true,"showFlares":true,"showImageEffects":true,"showParticleSystems":true,"showVisualEffectGraphs":true,"m_FxEnabled":true},"in2DMode":false,"pivot":{"x":-3.418548345565796,"y":-2.301419258117676,"z":2.1003551483154299},"rotation":{"x":0.28433892130851748,"y":-0.001137752435170114,"z":0.00034347790642641485,"w":0.9587429165840149},"size":15.347752571105957,"orthographic":false}